20170105055809,30-Year Fixed Rate,0.04375
20170105055809,30-Year Fixed-Rate FHA,0.0425
20170105055809,30-Year Fixed-Rate VA,0.03875
20170105055809,15-Year Fixed Rate,0.03625
20170105055809,7/1 ARM,0.03875
20170105055809,5/1 ARM,0.03625
20170105055809,30-Year Fixed-Rate Jumbo,0.0425
20170105055809,15-Year Fixed-Rate Jumbo,0.04
20170105055809,7/1 ARM Jumbo,0.03625
20170113193218,30-Year Fixed Rate,0.04375
20170113193218,30-Year Fixed-Rate FHA,0.04375
20170113193218,30-Year Fixed-Rate VA,0.04
20170113193218,15-Year Fixed Rate,0.03625
20170113193218,7/1 ARM,0.03875
20170113193218,5/1 ARM,0.03625
20170113193218,30-Year Fixed-Rate Jumbo,0.04125
20170113193218,15-Year Fixed-Rate Jumbo,0.03875
20170113193218,7/1 ARM Jumbo,0.03625
20170113233728,30-Year Fixed Rate,0.04375
20170113233728,30-Year Fixed-Rate FHA,0.04375
20170113233728,30-Year Fixed-Rate VA,0.04
20170113233728,15-Year Fixed Rate,0.03625
20170113233728,7/1 ARM,0.03875
20170113233728,5/1 ARM,0.03625
20170113233728,30-Year Fixed-Rate Jumbo,0.04125
20170113233728,15-Year Fixed-Rate Jumbo,0.03875
20170113233728,7/1 ARM Jumbo,0.03625
20170113233728,30-Year Fixed Rate,0.04375
20170113233728,30-Year Fixed-Rate FHA,0.04375
20170113233728,30-Year Fixed-Rate VA,0.04
20170113233728,15-Year Fixed Rate,0.03625
20170113233728,7/1 ARM,0.03875
20170113233728,5/1 ARM,0.03625
20170113233728,30-Year Fixed-Rate Jumbo,0.04125
20170113233728,15-Year Fixed-Rate Jumbo,0.03875
20170113233728,7/1 ARM Jumbo,0.03625
20170120235942,30-Year Fixed Rate,0.045
20170120235942,30-Year Fixed-Rate FHA,0.04375
20170120235942,30-Year Fixed-Rate VA,0.04
20170120235942,15-Year Fixed Rate,0.0375
20170120235942,7/1 ARM,0.03875
20170120235942,5/1 ARM,0.0375
20170120235942,30-Year Fixed-Rate Jumbo,0.0425
20170120235942,15-Year Fixed-Rate Jumbo,0.04
20170120235942,7/1 ARM Jumbo,0.03625
20170120235942,30-Year Fixed Rate,0.045
20170120235942,30-Year Fixed-Rate FHA,0.04375
20170120235942,30-Year Fixed-Rate VA,0.04
20170120235942,15-Year Fixed Rate,0.0375
20170120235942,7/1 ARM,0.03875
20170120235942,5/1 ARM,0.0375
20170120235942,30-Year Fixed-Rate Jumbo,0.0425
20170120235942,15-Year Fixed-Rate Jumbo,0.04
20170120235942,7/1 ARM Jumbo,0.03625
20170128004534,30-Year Fixed Rate,0.045
20170128004534,30-Year Fixed-Rate FHA,0.04375
20170128004534,30-Year Fixed-Rate VA,0.04
20170128004534,15-Year Fixed Rate,0.0375
20170128004534,7/1 ARM,0.03875
20170128004534,5/1 ARM,0.03625
20170128004534,30-Year Fixed-Rate Jumbo,0.0425
20170128004534,15-Year Fixed-Rate Jumbo,0.04
20170128004534,7/1 ARM Jumbo,0.03625
20170128004534,30-Year Fixed Rate,0.045
20170128004534,30-Year Fixed-Rate FHA,0.04375
20170128004534,30-Year Fixed-Rate VA,0.04
20170128004534,15-Year Fixed Rate,0.0375
20170128004534,7/1 ARM,0.03875
20170128004534,5/1 ARM,0.03625
20170128004534,30-Year Fixed-Rate Jumbo,0.0425
20170128004534,15-Year Fixed-Rate Jumbo,0.04
20170128004534,7/1 ARM Jumbo,0.03625
20170201230918,30-Year Fixed Rate,0.045
20170201230918,30-Year Fixed-Rate FHA,0.04375
20170201230918,30-Year Fixed-Rate VA,0.04
20170201230918,15-Year Fixed Rate,0.0375
20170201230918,7/1 ARM,0.03875
20170201230918,5/1 ARM,0.03625
20170201230918,30-Year Fixed-Rate Jumbo,0.0425
20170201230918,15-Year Fixed-Rate Jumbo,0.04
20170201230918,7/1 ARM Jumbo,0.03625
20170201230918,30-Year Fixed Rate,0.045
20170201230918,30-Year Fixed-Rate FHA,0.04375
20170201230918,30-Year Fixed-Rate VA,0.04
20170201230918,15-Year Fixed Rate,0.0375
20170201230918,7/1 ARM,0.03875
20170201230918,5/1 ARM,0.03625
20170201230918,30-Year Fixed-Rate Jumbo,0.0425
20170201230918,15-Year Fixed-Rate Jumbo,0.04
20170201230918,7/1 ARM Jumbo,0.03625
20170202125755,30-Year Fixed Rate,0.045
20170202125755,30-Year Fixed-Rate FHA,0.04375
20170202125755,30-Year Fixed-Rate VA,0.04
20170202125755,15-Year Fixed Rate,0.0375
20170202125755,7/1 ARM,0.03875
20170202125755,5/1 ARM,0.03625
20170202125755,30-Year Fixed-Rate Jumbo,0.0425
20170202125755,15-Year Fixed-Rate Jumbo,0.04
20170202125755,7/1 ARM Jumbo,0.03625
20170204010305,30-Year Fixed Rate,0.04375
20170204010305,30-Year Fixed-Rate FHA,0.0425
20170204010305,30-Year Fixed-Rate VA,0.04
20170204010305,15-Year Fixed Rate,0.03625
20170204010305,7/1 ARM,0.0375
20170204010305,5/1 ARM,0.03625
20170204010305,30-Year Fixed-Rate Jumbo,0.04125
20170204010305,15-Year Fixed-Rate Jumbo,0.03875
20170204010305,7/1 ARM Jumbo,0.035
20170204010305,30-Year Fixed Rate,0.04375
20170204010305,30-Year Fixed-Rate FHA,0.0425
20170204010305,30-Year Fixed-Rate VA,0.04
20170204010305,15-Year Fixed Rate,0.03625
20170204010305,7/1 ARM,0.0375
20170204010305,5/1 ARM,0.03625
20170204010305,30-Year Fixed-Rate Jumbo,0.04125
20170204010305,15-Year Fixed-Rate Jumbo,0.03875
20170204010305,7/1 ARM Jumbo,0.035
20170207174813,30-Year Fixed Rate,0.04375
20170207174813,30-Year Fixed-Rate FHA,0.0425
20170207174813,30-Year Fixed-Rate VA,0.03875
20170207174813,15-Year Fixed Rate,0.03625
20170207174813,7/1 ARM,0.0375
20170207174813,5/1 ARM,0.035
20170207174813,30-Year Fixed-Rate Jumbo,0.04125
20170207174813,15-Year Fixed-Rate Jumbo,0.03875
20170207174813,7/1 ARM Jumbo,0.035
20170209002300,30-Year Fixed Rate,0.0425
20170209002300,30-Year Fixed-Rate FHA,0.0425
20170209002300,30-Year Fixed-Rate VA,0.03875
20170209002300,15-Year Fixed Rate,0.035
20170209002300,7/1 ARM,0.03625
20170209002300,5/1 ARM,0.035
20170209002300,30-Year Fixed-Rate Jumbo,0.04125
20170209002300,15-Year Fixed-Rate Jumbo,0.03875
20170209002300,7/1 ARM Jumbo,0.035
20170211012636,30-Year Fixed Rate,0.04375
20170211012636,30-Year Fixed-Rate FHA,0.04375
20170211012636,30-Year Fixed-Rate VA,0.03875
20170211012636,15-Year Fixed Rate,0.03625
20170211012636,7/1 ARM,0.0375
20170211012636,5/1 ARM,0.03625
20170211012636,30-Year Fixed-Rate Jumbo,0.04125
20170211012636,15-Year Fixed-Rate Jumbo,0.03875
20170211012636,7/1 ARM Jumbo,0.035
20170211012636,30-Year Fixed Rate,0.04375
20170211012636,30-Year Fixed-Rate FHA,0.04375
20170211012636,30-Year Fixed-Rate VA,0.03875
20170211012636,15-Year Fixed Rate,0.03625
20170211012636,7/1 ARM,0.0375
20170211012636,5/1 ARM,0.03625
20170211012636,30-Year Fixed-Rate Jumbo,0.04125
20170211012636,15-Year Fixed-Rate Jumbo,0.03875
20170211012636,7/1 ARM Jumbo,0.035
20170213175109,30-Year Fixed Rate,0.0425
20170213175109,30-Year Fixed-Rate FHA,0.0425
20170213175109,30-Year Fixed-Rate VA,0.03875
20170213175109,15-Year Fixed Rate,0.035
20170213175109,7/1 ARM,0.0375
20170213175109,5/1 ARM,0.03625
20170213175109,30-Year Fixed-Rate Jumbo,0.04125
20170213175109,15-Year Fixed-Rate Jumbo,0.03875
20170213175109,7/1 ARM Jumbo,0.035
20170215184447,30-Year Fixed Rate,0.04375
20170215184447,30-Year Fixed-Rate FHA,0.04375
20170215184447,30-Year Fixed-Rate VA,0.04
20170215184447,15-Year Fixed Rate,0.03625
20170215184447,7/1 ARM,0.03875
20170215184447,5/1 ARM,0.03625
20170215184447,30-Year Fixed-Rate Jumbo,0.0425
20170215184447,15-Year Fixed-Rate Jumbo,0.04
20170215184447,7/1 ARM Jumbo,0.03625
20170216154544,30-Year Fixed Rate,0.04375
20170216154544,30-Year Fixed-Rate FHA,0.04375
20170216154544,30-Year Fixed-Rate VA,0.04
20170216154544,15-Year Fixed Rate,0.035
20170216154544,7/1 ARM,0.0375
20170216154544,5/1 ARM,0.03625
20170216154544,30-Year Fixed-Rate Jumbo,0.0425
20170216154544,15-Year Fixed-Rate Jumbo,0.04
20170216154544,7/1 ARM Jumbo,0.035
20170218015349,30-Year Fixed Rate,0.0425
20170218015349,30-Year Fixed-Rate FHA,0.0425
20170218015349,30-Year Fixed-Rate VA,0.03875
20170218015349,15-Year Fixed Rate,0.035
20170218015349,7/1 ARM,0.03625
20170218015349,5/1 ARM,0.03625
20170218015349,30-Year Fixed-Rate Jumbo,0.04125
20170218015349,15-Year Fixed-Rate Jumbo,0.03875
20170218015349,7/1 ARM Jumbo,0.035
20170218015349,30-Year Fixed Rate,0.0425
20170218015349,30-Year Fixed-Rate FHA,0.0425
20170218015349,30-Year Fixed-Rate VA,0.03875
20170218015349,15-Year Fixed Rate,0.035
20170218015349,7/1 ARM,0.03625
20170218015349,5/1 ARM,0.03625
20170218015349,30-Year Fixed-Rate Jumbo,0.04125
20170218015349,15-Year Fixed-Rate Jumbo,0.03875
20170218015349,7/1 ARM Jumbo,0.035
20170222114924,30-Year Fixed Rate,0.04375
20170222114924,30-Year Fixed-Rate FHA,0.04375
20170222114924,30-Year Fixed-Rate VA,0.04
20170222114924,15-Year Fixed Rate,0.035
20170222114924,7/1 ARM,0.0375
20170222114924,5/1 ARM,0.03625
20170222114924,30-Year Fixed-Rate Jumbo,0.04125
20170222114924,15-Year Fixed-Rate Jumbo,0.04
20170222114924,7/1 ARM Jumbo,0.035
20170225022834,30-Year Fixed Rate,0.0425
20170225022834,30-Year Fixed-Rate FHA,0.04125
20170225022834,30-Year Fixed-Rate VA,0.03875
20170225022834,15-Year Fixed Rate,0.035
20170225022834,7/1 ARM,0.03625
20170225022834,5/1 ARM,0.035
20170225022834,30-Year Fixed-Rate Jumbo,0.04125
20170225022834,15-Year Fixed-Rate Jumbo,0.03875
20170225022834,7/1 ARM Jumbo,0.03375
20170225022834,30-Year Fixed Rate,0.0425
20170225022834,30-Year Fixed-Rate FHA,0.04125
20170225022834,30-Year Fixed-Rate VA,0.03875
20170225022834,15-Year Fixed Rate,0.035
20170225022834,7/1 ARM,0.03625
20170225022834,5/1 ARM,0.035
20170225022834,30-Year Fixed-Rate Jumbo,0.04125
20170225022834,15-Year Fixed-Rate Jumbo,0.03875
20170225022834,7/1 ARM Jumbo,0.03375
20170304024131,30-Year Fixed Rate,0.0425
20170304024131,30-Year Fixed-Rate FHA,0.04375
20170304024131,30-Year Fixed-Rate VA,0.04
20170304024131,15-Year Fixed Rate,0.03625
20170304024131,7/1 ARM,0.03875
20170304024131,5/1 ARM,0.03625
20170304024131,30-Year Fixed-Rate Jumbo,0.0425
20170304024131,15-Year Fixed-Rate Jumbo,0.04
20170304024131,7/1 ARM Jumbo,0.035
20170304024131,30-Year Fixed Rate,0.0425
20170304024131,30-Year Fixed-Rate FHA,0.04375
20170304024131,30-Year Fixed-Rate VA,0.04
20170304024131,15-Year Fixed Rate,0.03625
20170304024131,7/1 ARM,0.03875
20170304024131,5/1 ARM,0.03625
20170304024131,30-Year Fixed-Rate Jumbo,0.0425
20170304024131,15-Year Fixed-Rate Jumbo,0.04
20170304024131,7/1 ARM Jumbo,0.035
20170311031300,30-Year Fixed Rate,0.04375
20170311031300,30-Year Fixed-Rate FHA,0.045
20170311031300,30-Year Fixed-Rate VA,0.0425
20170311031300,15-Year Fixed Rate,0.0375
20170311031300,7/1 ARM,0.03875
20170311031300,5/1 ARM,0.0375
20170311031300,30-Year Fixed-Rate Jumbo,0.0425
20170311031300,15-Year Fixed-Rate Jumbo,0.04
20170311031300,7/1 ARM Jumbo,0.03625
20170311031300,30-Year Fixed Rate,0.04375
20170311031300,30-Year Fixed-Rate FHA,0.045
20170311031300,30-Year Fixed-Rate VA,0.0425
20170311031300,15-Year Fixed Rate,0.0375
20170311031300,7/1 ARM,0.03875
20170311031300,5/1 ARM,0.0375
20170311031300,30-Year Fixed-Rate Jumbo,0.0425
20170311031300,15-Year Fixed-Rate Jumbo,0.04
20170311031300,7/1 ARM Jumbo,0.03625
20170317110202,30-Year Fixed Rate,0.04375
20170317110202,30-Year Fixed-Rate FHA,0.045
20170317110202,30-Year Fixed-Rate VA,0.04125
20170317110202,15-Year Fixed Rate,0.03625
20170317110202,7/1 ARM,0.0375
20170317110202,5/1 ARM,0.03625
20170317110202,30-Year Fixed-Rate Jumbo,0.0425
20170317110202,15-Year Fixed-Rate Jumbo,0.04
20170317110202,7/1 ARM Jumbo,0.035
20170318033929,30-Year Fixed Rate,0.04375
20170318033929,30-Year Fixed-Rate FHA,0.045
20170318033929,30-Year Fixed-Rate VA,0.04125
20170318033929,15-Year Fixed Rate,0.03625
20170318033929,7/1 ARM,0.0375
20170318033929,5/1 ARM,0.03625
20170318033929,30-Year Fixed-Rate Jumbo,0.0425
20170318033929,15-Year Fixed-Rate Jumbo,0.04
20170318033929,7/1 ARM Jumbo,0.035
20170318033929,30-Year Fixed Rate,0.04375
20170318033929,30-Year Fixed-Rate FHA,0.045
20170318033929,30-Year Fixed-Rate VA,0.04125
20170318033929,15-Year Fixed Rate,0.03625
20170318033929,7/1 ARM,0.0375
20170318033929,5/1 ARM,0.03625
20170318033929,30-Year Fixed-Rate Jumbo,0.0425
20170318033929,15-Year Fixed-Rate Jumbo,0.04
20170318033929,7/1 ARM Jumbo,0.035
20170325041951,30-Year Fixed Rate,0.0425
20170325041951,30-Year Fixed-Rate FHA,0.04375
20170325041951,30-Year Fixed-Rate VA,0.04
20170325041951,15-Year Fixed Rate,0.03625
20170325041951,7/1 ARM,0.0375
20170325041951,5/1 ARM,0.03625
20170325041951,30-Year Fixed-Rate Jumbo,0.04125
20170325041951,15-Year Fixed-Rate Jumbo,0.03875
20170325041951,7/1 ARM Jumbo,0.035
20170325041951,30-Year Fixed Rate,0.0425
20170325041951,30-Year Fixed-Rate FHA,0.04375
20170325041951,30-Year Fixed-Rate VA,0.04
20170325041951,15-Year Fixed Rate,0.03625
20170325041951,7/1 ARM,0.0375
20170325041951,5/1 ARM,0.03625
20170325041951,30-Year Fixed-Rate Jumbo,0.04125
20170325041951,15-Year Fixed-Rate Jumbo,0.03875
20170325041951,7/1 ARM Jumbo,0.035
20170401045520,30-Year Fixed Rate,0.0425
20170401045520,30-Year Fixed-Rate FHA,0.04375
20170401045520,30-Year Fixed-Rate VA,0.04
20170401045520,15-Year Fixed Rate,0.03625
20170401045520,7/1 ARM,0.0375
20170401045520,5/1 ARM,0.03625
20170401045520,30-Year Fixed-Rate Jumbo,0.04125
20170401045520,15-Year Fixed-Rate Jumbo,0.03875
20170401045520,7/1 ARM Jumbo,0.035
20170401045520,30-Year Fixed Rate,0.0425
20170401045520,30-Year Fixed-Rate FHA,0.04375
20170401045520,30-Year Fixed-Rate VA,0.04
20170401045520,15-Year Fixed Rate,0.03625
20170401045520,7/1 ARM,0.0375
20170401045520,5/1 ARM,0.03625
20170401045520,30-Year Fixed-Rate Jumbo,0.04125
20170401045520,15-Year Fixed-Rate Jumbo,0.03875
20170401045520,7/1 ARM Jumbo,0.035
20170406194553,30-Year Fixed Rate,0.04125
20170406194553,30-Year Fixed-Rate FHA,0.04375
20170406194553,30-Year Fixed-Rate VA,0.04
20170406194553,15-Year Fixed Rate,0.035
20170406194553,7/1 ARM,0.03625
20170406194553,5/1 ARM,0.035
20170406194553,30-Year Fixed-Rate Jumbo,0.04125
20170406194553,15-Year Fixed-Rate Jumbo,0.03875
20170406194553,7/1 ARM Jumbo,0.03375
20170408051541,30-Year Fixed Rate,0.0425
20170408051541,30-Year Fixed-Rate FHA,0.04375
20170408051541,30-Year Fixed-Rate VA,0.04
20170408051541,15-Year Fixed Rate,0.03625
20170408051541,7/1 ARM,0.0375
20170408051541,5/1 ARM,0.03625
20170408051541,30-Year Fixed-Rate Jumbo,0.04125
20170408051541,15-Year Fixed-Rate Jumbo,0.03875
20170408051541,7/1 ARM Jumbo,0.03375
20170408051541,30-Year Fixed Rate,0.0425
20170408051541,30-Year Fixed-Rate FHA,0.04375
20170408051541,30-Year Fixed-Rate VA,0.04
20170408051541,15-Year Fixed Rate,0.03625
20170408051541,7/1 ARM,0.0375
20170408051541,5/1 ARM,0.03625
20170408051541,30-Year Fixed-Rate Jumbo,0.04125
20170408051541,15-Year Fixed-Rate Jumbo,0.03875
20170408051541,7/1 ARM Jumbo,0.03375
20170411022024,30-Year Fixed Rate,0.0425
20170411022024,30-Year Fixed-Rate FHA,0.04375
20170411022024,30-Year Fixed-Rate VA,0.04
20170411022024,15-Year Fixed Rate,0.03625
20170411022024,7/1 ARM,0.0375
20170411022024,5/1 ARM,0.03625
20170411022024,30-Year Fixed-Rate Jumbo,0.04125
20170411022024,15-Year Fixed-Rate Jumbo,0.03875
20170411022024,7/1 ARM Jumbo,0.03375
20170415060337,30-Year Fixed Rate,0.04125
20170415060337,30-Year Fixed-Rate FHA,0.0425
20170415060337,30-Year Fixed-Rate VA,0.03875
20170415060337,15-Year Fixed Rate,0.03375
20170415060337,7/1 ARM,0.03625
20170415060337,5/1 ARM,0.035
20170415060337,30-Year Fixed-Rate Jumbo,0.04
20170415060337,15-Year Fixed-Rate Jumbo,0.0375
20170415060337,7/1 ARM Jumbo,0.0325
20170415060337,30-Year Fixed Rate,0.04125
20170415060337,30-Year Fixed-Rate FHA,0.0425
20170415060337,30-Year Fixed-Rate VA,0.03875
20170415060337,15-Year Fixed Rate,0.03375
20170415060337,7/1 ARM,0.03625
20170415060337,5/1 ARM,0.035
20170415060337,30-Year Fixed-Rate Jumbo,0.04
20170415060337,15-Year Fixed-Rate Jumbo,0.0375
20170415060337,7/1 ARM Jumbo,0.0325
20170422065256,30-Year Fixed Rate,0.04125
20170422065256,30-Year Fixed-Rate FHA,0.04375
20170422065256,30-Year Fixed-Rate VA,0.03875
20170422065256,15-Year Fixed Rate,0.035
20170422065256,7/1 ARM,0.03625
20170422065256,5/1 ARM,0.035
20170422065256,30-Year Fixed-Rate Jumbo,0.04
20170422065256,15-Year Fixed-Rate Jumbo,0.0375
20170422065256,7/1 ARM Jumbo,0.0325
20170422065256,30-Year Fixed Rate,0.04125
20170422065256,30-Year Fixed-Rate FHA,0.04375
20170422065256,30-Year Fixed-Rate VA,0.03875
20170422065256,15-Year Fixed Rate,0.035
20170422065256,7/1 ARM,0.03625
20170422065256,5/1 ARM,0.035
20170422065256,30-Year Fixed-Rate Jumbo,0.04
20170422065256,15-Year Fixed-Rate Jumbo,0.0375
20170422065256,7/1 ARM Jumbo,0.0325
20170429065115,30-Year Fixed Rate,0.04125
20170429065115,30-Year Fixed-Rate FHA,0.045
20170429065115,30-Year Fixed-Rate VA,0.04
20170429065115,15-Year Fixed Rate,0.035
20170429065115,7/1 ARM,0.0375
20170429065115,5/1 ARM,0.03625
20170429065115,30-Year Fixed-Rate Jumbo,0.04125
20170429065115,15-Year Fixed-Rate Jumbo,0.03875
20170429065115,7/1 ARM Jumbo,0.03375
20170429065115,30-Year Fixed Rate,0.04125
20170429065115,30-Year Fixed-Rate FHA,0.045
20170429065115,30-Year Fixed-Rate VA,0.04
20170429065115,15-Year Fixed Rate,0.035
20170429065115,7/1 ARM,0.0375
20170429065115,5/1 ARM,0.03625
20170429065115,30-Year Fixed-Rate Jumbo,0.04125
20170429065115,15-Year Fixed-Rate Jumbo,0.03875
20170429065115,7/1 ARM Jumbo,0.03375
20170504014131,30-Year Fixed Rate,0.04125
20170504014131,30-Year Fixed-Rate FHA,0.045
20170504014131,30-Year Fixed-Rate VA,0.03875
20170504014131,15-Year Fixed Rate,0.035
20170504014131,7/1 ARM,0.0375
20170504014131,5/1 ARM,0.03625
20170504014131,30-Year Fixed-Rate Jumbo,0.04125
20170504014131,15-Year Fixed-Rate Jumbo,0.03875
20170504014131,7/1 ARM Jumbo,0.03375
20170506072002,30-Year Fixed Rate,0.04125
20170506072002,30-Year Fixed-Rate FHA,0.045
20170506072002,30-Year Fixed-Rate VA,0.03875
20170506072002,15-Year Fixed Rate,0.035
20170506072002,7/1 ARM,0.0375
20170506072002,5/1 ARM,0.03625
20170506072002,30-Year Fixed-Rate Jumbo,0.04125
20170506072002,15-Year Fixed-Rate Jumbo,0.03875
20170506072002,7/1 ARM Jumbo,0.03375
20170506072002,30-Year Fixed Rate,0.04125
20170506072002,30-Year Fixed-Rate FHA,0.045
20170506072002,30-Year Fixed-Rate VA,0.03875
20170506072002,15-Year Fixed Rate,0.035
20170506072002,7/1 ARM,0.0375
20170506072002,5/1 ARM,0.03625
20170506072002,30-Year Fixed-Rate Jumbo,0.04125
20170506072002,15-Year Fixed-Rate Jumbo,0.03875
20170506072002,7/1 ARM Jumbo,0.03375
20170513080343,30-Year Fixed Rate,0.0425
20170513080343,30-Year Fixed-Rate FHA,0.045
20170513080343,30-Year Fixed-Rate VA,0.04
20170513080343,15-Year Fixed Rate,0.035
20170513080343,7/1 ARM,0.0375
20170513080343,5/1 ARM,0.035
20170513080343,30-Year Fixed-Rate Jumbo,0.04125
20170513080343,15-Year Fixed-Rate Jumbo,0.03875
20170513080343,7/1 ARM Jumbo,0.03375
20170513080343,30-Year Fixed Rate,0.0425
20170513080343,30-Year Fixed-Rate FHA,0.045
20170513080343,30-Year Fixed-Rate VA,0.04
20170513080343,15-Year Fixed Rate,0.035
20170513080343,7/1 ARM,0.0375
20170513080343,5/1 ARM,0.035
20170513080343,30-Year Fixed-Rate Jumbo,0.04125
20170513080343,15-Year Fixed-Rate Jumbo,0.03875
20170513080343,7/1 ARM Jumbo,0.03375
20170520055253,30-Year Fixed Rate,0.04125
20170520055253,30-Year Fixed-Rate FHA,0.04375
20170520055253,30-Year Fixed-Rate VA,0.03875
20170520055253,15-Year Fixed Rate,0.03375
20170520055253,7/1 ARM,0.03625
20170520055253,5/1 ARM,0.035
20170520055253,30-Year Fixed-Rate Jumbo,0.04
20170520055253,15-Year Fixed-Rate Jumbo,0.0375
20170520055253,7/1 ARM Jumbo,0.0325
20170520081715,30-Year Fixed Rate,0.04125
20170520081715,30-Year Fixed-Rate FHA,0.04375
20170520081715,30-Year Fixed-Rate VA,0.03875
20170520081715,15-Year Fixed Rate,0.03375
20170520081715,7/1 ARM,0.03625
20170520081715,5/1 ARM,0.035
20170520081715,30-Year Fixed-Rate Jumbo,0.04
20170520081715,15-Year Fixed-Rate Jumbo,0.0375
20170520081715,7/1 ARM Jumbo,0.0325
20170520081715,30-Year Fixed Rate,0.04125
20170520081715,30-Year Fixed-Rate FHA,0.04375
20170520081715,30-Year Fixed-Rate VA,0.03875
20170520081715,15-Year Fixed Rate,0.03375
20170520081715,7/1 ARM,0.03625
20170520081715,5/1 ARM,0.035
20170520081715,30-Year Fixed-Rate Jumbo,0.04
20170520081715,15-Year Fixed-Rate Jumbo,0.0375
20170520081715,7/1 ARM Jumbo,0.0325
20170527091049,30-Year Fixed Rate,0.04
20170527091049,30-Year Fixed-Rate FHA,0.04375
20170527091049,30-Year Fixed-Rate VA,0.03875
20170527091049,15-Year Fixed Rate,0.03375
20170527091049,7/1 ARM,0.03625
20170527091049,5/1 ARM,0.035
20170527091049,30-Year Fixed-Rate Jumbo,0.04
20170527091049,15-Year Fixed-Rate Jumbo,0.0375
20170527091049,7/1 ARM Jumbo,0.03375
20170527091049,30-Year Fixed Rate,0.04
20170527091049,30-Year Fixed-Rate FHA,0.04375
20170527091049,30-Year Fixed-Rate VA,0.03875
20170527091049,15-Year Fixed Rate,0.03375
20170527091049,7/1 ARM,0.03625
20170527091049,5/1 ARM,0.035
20170527091049,30-Year Fixed-Rate Jumbo,0.04
20170527091049,15-Year Fixed-Rate Jumbo,0.0375
20170527091049,7/1 ARM Jumbo,0.03375
20170603093508,30-Year Fixed Rate,0.04
20170603093508,30-Year Fixed-Rate FHA,0.04375
20170603093508,30-Year Fixed-Rate VA,0.0375
20170603093508,15-Year Fixed Rate,0.03375
20170603093508,7/1 ARM,0.03625
20170603093508,5/1 ARM,0.035
20170603093508,30-Year Fixed-Rate Jumbo,0.03875
20170603093508,15-Year Fixed-Rate Jumbo,0.03625
20170603093508,7/1 ARM Jumbo,0.0325
20170603093508,10/1 ARM Jumbo,0.035
20170603093508,30-Year Fixed Rate,0.04
20170603093508,30-Year Fixed-Rate FHA,0.04375
20170603093508,30-Year Fixed-Rate VA,0.0375
20170603093508,15-Year Fixed Rate,0.03375
20170603093508,7/1 ARM,0.03625
20170603093508,5/1 ARM,0.035
20170603093508,30-Year Fixed-Rate Jumbo,0.03875
20170603093508,15-Year Fixed-Rate Jumbo,0.03625
20170603093508,7/1 ARM Jumbo,0.0325
20170603093508,10/1 ARM Jumbo,0.035
20170610095142,30-Year Fixed Rate,0.03875
20170610095142,30-Year Fixed-Rate FHA,0.045
20170610095142,30-Year Fixed-Rate VA,0.0375
20170610095142,15-Year Fixed Rate,0.03375
20170610095142,7/1 ARM,0.03625
20170610095142,5/1 ARM,0.035
20170610095142,30-Year Fixed-Rate Jumbo,0.04
20170610095142,15-Year Fixed-Rate Jumbo,0.0375
20170610095142,7/1 ARM Jumbo,0.03375
20170610095142,10/1 ARM Jumbo,0.03625
20170610095142,30-Year Fixed Rate,0.03875
20170610095142,30-Year Fixed-Rate FHA,0.045
20170610095142,30-Year Fixed-Rate VA,0.0375
20170610095142,15-Year Fixed Rate,0.03375
20170610095142,7/1 ARM,0.03625
20170610095142,5/1 ARM,0.035
20170610095142,30-Year Fixed-Rate Jumbo,0.04
20170610095142,15-Year Fixed-Rate Jumbo,0.0375
20170610095142,7/1 ARM Jumbo,0.03375
20170610095142,10/1 ARM Jumbo,0.03625
20170617101500,30-Year Fixed Rate,0.03875
20170617101500,30-Year Fixed-Rate FHA,0.045
20170617101500,30-Year Fixed-Rate VA,0.0375
20170617101500,15-Year Fixed Rate,0.03375
20170617101500,7/1 ARM,0.03625
20170617101500,5/1 ARM,0.035
20170617101500,30-Year Fixed-Rate Jumbo,0.04
20170617101500,15-Year Fixed-Rate Jumbo,0.0375
20170617101500,7/1 ARM Jumbo,0.03375
20170617101500,10/1 ARM Jumbo,0.03625
20170617101500,30-Year Fixed Rate,0.03875
20170617101500,30-Year Fixed-Rate FHA,0.045
20170617101500,30-Year Fixed-Rate VA,0.0375
20170617101500,15-Year Fixed Rate,0.03375
20170617101500,7/1 ARM,0.03625
20170617101500,5/1 ARM,0.035
20170617101500,30-Year Fixed-Rate Jumbo,0.04
20170617101500,15-Year Fixed-Rate Jumbo,0.0375
20170617101500,7/1 ARM Jumbo,0.03375
20170617101500,10/1 ARM Jumbo,0.03625
20170624102529,30-Year Fixed Rate,0.04
20170624102529,30-Year Fixed-Rate FHA,0.045
20170624102529,30-Year Fixed-Rate VA,0.0375
20170624102529,15-Year Fixed Rate,0.03375
20170624102529,7/1 ARM,0.03625
20170624102529,5/1 ARM,0.035
20170624102529,30-Year Fixed-Rate Jumbo,0.03875
20170624102529,15-Year Fixed-Rate Jumbo,0.03625
20170624102529,7/1 ARM Jumbo,0.0325
20170624102529,10/1 ARM Jumbo,0.035
20170624102529,30-Year Fixed Rate,0.04
20170624102529,30-Year Fixed-Rate FHA,0.045
20170624102529,30-Year Fixed-Rate VA,0.0375
20170624102529,15-Year Fixed Rate,0.03375
20170624102529,7/1 ARM,0.03625
20170624102529,5/1 ARM,0.035
20170624102529,30-Year Fixed-Rate Jumbo,0.03875
20170624102529,15-Year Fixed-Rate Jumbo,0.03625
20170624102529,7/1 ARM Jumbo,0.0325
20170624102529,10/1 ARM Jumbo,0.035
20170626185215,30-Year Fixed Rate,0.04
20170626185215,30-Year Fixed-Rate FHA,0.045
20170626185215,30-Year Fixed-Rate VA,0.0375
20170626185215,15-Year Fixed Rate,0.03375
20170626185215,7/1 ARM,0.03625
20170626185215,5/1 ARM,0.035
20170626185215,30-Year Fixed-Rate Jumbo,0.04
20170626185215,15-Year Fixed-Rate Jumbo,0.0375
20170626185215,7/1 ARM Jumbo,0.03375
20170626185215,10/1 ARM Jumbo,0.03625
20170701110408,30-Year Fixed Rate,0.04
20170701110408,30-Year Fixed-Rate FHA,0.04625
20170701110408,30-Year Fixed-Rate VA,0.03875
20170701110408,15-Year Fixed Rate,0.03375
20170701110408,7/1 ARM,0.0375
20170701110408,5/1 ARM,0.03625
20170701110408,30-Year Fixed-Rate Jumbo,0.04125
20170701110408,15-Year Fixed-Rate Jumbo,0.03875
20170701110408,7/1 ARM Jumbo,0.035
20170701110408,10/1 ARM Jumbo,0.0375
20170701110408,30-Year Fixed Rate,0.04
20170701110408,30-Year Fixed-Rate FHA,0.04625
20170701110408,30-Year Fixed-Rate VA,0.03875
20170701110408,15-Year Fixed Rate,0.03375
20170701110408,7/1 ARM,0.0375
20170701110408,5/1 ARM,0.03625
20170701110408,30-Year Fixed-Rate Jumbo,0.04125
20170701110408,15-Year Fixed-Rate Jumbo,0.03875
20170701110408,7/1 ARM Jumbo,0.035
20170701110408,10/1 ARM Jumbo,0.0375
20170703002053,30-Year Fixed Rate,0.04
20170703002053,30-Year Fixed-Rate FHA,0.04625
20170703002053,30-Year Fixed-Rate VA,0.03875
20170703002053,15-Year Fixed Rate,0.03375
20170703002053,7/1 ARM,0.0375
20170703002053,5/1 ARM,0.03625
20170703002053,30-Year Fixed-Rate Jumbo,0.04125
20170703002053,15-Year Fixed-Rate Jumbo,0.03875
20170703002053,7/1 ARM Jumbo,0.035
20170703002053,10/1 ARM Jumbo,0.0375
20170708113134,30-Year Fixed Rate,0.04125
20170708113134,30-Year Fixed-Rate FHA,0.04625
20170708113134,30-Year Fixed-Rate VA,0.04
20170708113134,15-Year Fixed Rate,0.035
20170708113134,7/1 ARM,0.03875
20170708113134,5/1 ARM,0.0375
20170708113134,30-Year Fixed-Rate Jumbo,0.04125
20170708113134,15-Year Fixed-Rate Jumbo,0.03875
20170708113134,7/1 ARM Jumbo,0.035
20170708113134,10/1 ARM Jumbo,0.0375
20170708113134,30-Year Fixed Rate,0.04125
20170708113134,30-Year Fixed-Rate FHA,0.04625
20170708113134,30-Year Fixed-Rate VA,0.04
20170708113134,15-Year Fixed Rate,0.035
20170708113134,7/1 ARM,0.03875
20170708113134,5/1 ARM,0.0375
20170708113134,30-Year Fixed-Rate Jumbo,0.04125
20170708113134,15-Year Fixed-Rate Jumbo,0.03875
20170708113134,7/1 ARM Jumbo,0.035
20170708113134,10/1 ARM Jumbo,0.0375
20170715113447,30-Year Fixed Rate,0.04
20170715113447,30-Year Fixed-Rate FHA,0.045
20170715113447,30-Year Fixed-Rate VA,0.03875
20170715113447,15-Year Fixed Rate,0.03375
20170715113447,7/1 ARM,0.03625
20170715113447,5/1 ARM,0.035
20170715113447,30-Year Fixed-Rate Jumbo,0.04125
20170715113447,15-Year Fixed-Rate Jumbo,0.03875
20170715113447,7/1 ARM Jumbo,0.035
20170715113447,10/1 ARM Jumbo,0.0375
20170715113447,30-Year Fixed Rate,0.04
20170715113447,30-Year Fixed-Rate FHA,0.045
20170715113447,30-Year Fixed-Rate VA,0.03875
20170715113447,15-Year Fixed Rate,0.03375
20170715113447,7/1 ARM,0.03625
20170715113447,5/1 ARM,0.035
20170715113447,30-Year Fixed-Rate Jumbo,0.04125
20170715113447,15-Year Fixed-Rate Jumbo,0.03875
20170715113447,7/1 ARM Jumbo,0.035
20170715113447,10/1 ARM Jumbo,0.0375
20170722115254,30-Year Fixed Rate,0.04
20170722115254,30-Year Fixed-Rate FHA,0.04625
20170722115254,30-Year Fixed-Rate VA,0.03875
20170722115254,15-Year Fixed Rate,0.03375
20170722115254,7/1 ARM,0.0375
20170722115254,5/1 ARM,0.03625
20170722115254,30-Year Fixed-Rate Jumbo,0.04
20170722115254,15-Year Fixed-Rate Jumbo,0.0375
20170722115254,7/1 ARM Jumbo,0.03375
20170722115254,10/1 ARM Jumbo,0.03625
20170722115254,30-Year Fixed Rate,0.04
20170722115254,30-Year Fixed-Rate FHA,0.04625
20170722115254,30-Year Fixed-Rate VA,0.03875
20170722115254,15-Year Fixed Rate,0.03375
20170722115254,7/1 ARM,0.0375
20170722115254,5/1 ARM,0.03625
20170722115254,30-Year Fixed-Rate Jumbo,0.04
20170722115254,15-Year Fixed-Rate Jumbo,0.0375
20170722115254,7/1 ARM Jumbo,0.03375
20170722115254,10/1 ARM Jumbo,0.03625
20170725054620,30-Year Fixed Rate,0.04
20170725054620,30-Year Fixed-Rate FHA,0.04625
20170725054620,30-Year Fixed-Rate VA,0.03875
20170725054620,15-Year Fixed Rate,0.03375
20170725054620,7/1 ARM,0.0375
20170725054620,5/1 ARM,0.03625
20170725054620,30-Year Fixed-Rate Jumbo,0.04
20170725054620,15-Year Fixed-Rate Jumbo,0.0375
20170725054620,7/1 ARM Jumbo,0.03375
20170725054620,10/1 ARM Jumbo,0.03625
20170730011827,30-Year Fixed Rate,0.04125
20170730011827,30-Year Fixed-Rate FHA,0.04625
20170730011827,30-Year Fixed-Rate VA,0.03875
20170730011827,15-Year Fixed Rate,0.03375
20170730011827,7/1 ARM,0.0375
20170730011827,5/1 ARM,0.03625
20170730011827,30-Year Fixed-Rate Jumbo,0.04125
20170730011827,15-Year Fixed-Rate Jumbo,0.03875
20170730011827,7/1 ARM Jumbo,0.03375
20170730011827,10/1 ARM Jumbo,0.0375
20170730011827,30-Year Fixed Rate,0.04125
20170730011827,30-Year Fixed-Rate FHA,0.04625
20170730011827,30-Year Fixed-Rate VA,0.03875
20170730011827,15-Year Fixed Rate,0.03375
20170730011827,7/1 ARM,0.0375
20170730011827,5/1 ARM,0.03625
20170730011827,30-Year Fixed-Rate Jumbo,0.04125
20170730011827,15-Year Fixed-Rate Jumbo,0.03875
20170730011827,7/1 ARM Jumbo,0.03375
20170730011827,10/1 ARM Jumbo,0.0375
20170806022647,30-Year Fixed Rate,0.04
20170806022647,30-Year Fixed-Rate FHA,0.04625
20170806022647,30-Year Fixed-Rate VA,0.03875
20170806022647,15-Year Fixed Rate,0.03375
20170806022647,7/1 ARM,0.0375
20170806022647,5/1 ARM,0.03625
20170806022647,30-Year Fixed-Rate Jumbo,0.04
20170806022647,15-Year Fixed-Rate Jumbo,0.03875
20170806022647,7/1 ARM Jumbo,0.03375
20170806022647,10/1 ARM Jumbo,0.0375
20170806022647,30-Year Fixed Rate,0.04
20170806022647,30-Year Fixed-Rate FHA,0.04625
20170806022647,30-Year Fixed-Rate VA,0.03875
20170806022647,15-Year Fixed Rate,0.03375
20170806022647,7/1 ARM,0.0375
20170806022647,5/1 ARM,0.03625
20170806022647,30-Year Fixed-Rate Jumbo,0.04
20170806022647,15-Year Fixed-Rate Jumbo,0.03875
20170806022647,7/1 ARM Jumbo,0.03375
20170806022647,10/1 ARM Jumbo,0.0375
20170813025521,30-Year Fixed Rate,0.04
20170813025521,30-Year Fixed-Rate FHA,0.04625
20170813025521,30-Year Fixed-Rate VA,0.03875
20170813025521,15-Year Fixed Rate,0.0325
20170813025521,7/1 ARM,0.03625
20170813025521,5/1 ARM,0.03625
20170813025521,30-Year Fixed-Rate Jumbo,0.04
20170813025521,15-Year Fixed-Rate Jumbo,0.0375
20170813025521,7/1 ARM Jumbo,0.03375
20170813025521,10/1 ARM Jumbo,0.03625
20170813025521,30-Year Fixed Rate,0.04
20170813025521,30-Year Fixed-Rate FHA,0.04625
20170813025521,30-Year Fixed-Rate VA,0.03875
20170813025521,15-Year Fixed Rate,0.0325
20170813025521,7/1 ARM,0.03625
20170813025521,5/1 ARM,0.03625
20170813025521,30-Year Fixed-Rate Jumbo,0.04
20170813025521,15-Year Fixed-Rate Jumbo,0.0375
20170813025521,7/1 ARM Jumbo,0.03375
20170813025521,10/1 ARM Jumbo,0.03625
20170820032501,30-Year Fixed Rate,0.04
20170820032501,30-Year Fixed-Rate FHA,0.04625
20170820032501,30-Year Fixed-Rate VA,0.03875
20170820032501,15-Year Fixed Rate,0.03375
20170820032501,7/1 ARM,0.03625
20170820032501,5/1 ARM,0.03625
20170820032501,30-Year Fixed-Rate Jumbo,0.04
20170820032501,15-Year Fixed-Rate Jumbo,0.0375
20170820032501,7/1 ARM Jumbo,0.03375
20170820032501,10/1 ARM Jumbo,0.03625
20170820032501,30-Year Fixed Rate,0.04
20170820032501,30-Year Fixed-Rate FHA,0.04625
20170820032501,30-Year Fixed-Rate VA,0.03875
20170820032501,15-Year Fixed Rate,0.03375
20170820032501,7/1 ARM,0.03625
20170820032501,5/1 ARM,0.03625
20170820032501,30-Year Fixed-Rate Jumbo,0.04
20170820032501,15-Year Fixed-Rate Jumbo,0.0375
20170820032501,7/1 ARM Jumbo,0.03375
20170820032501,10/1 ARM Jumbo,0.03625
20170827034138,30-Year Fixed Rate,0.04
20170827034138,30-Year Fixed-Rate FHA,0.04625
20170827034138,30-Year Fixed-Rate VA,0.03875
20170827034138,15-Year Fixed Rate,0.03375
20170827034138,7/1 ARM,0.03625
20170827034138,5/1 ARM,0.03625
20170827034138,30-Year Fixed-Rate Jumbo,0.03875
20170827034138,15-Year Fixed-Rate Jumbo,0.03625
20170827034138,7/1 ARM Jumbo,0.0325
20170827034138,10/1 ARM Jumbo,0.035
20170827034138,30-Year Fixed Rate,0.04
20170827034138,30-Year Fixed-Rate FHA,0.04625
20170827034138,30-Year Fixed-Rate VA,0.03875
20170827034138,15-Year Fixed Rate,0.03375
20170827034138,7/1 ARM,0.03625
20170827034138,5/1 ARM,0.03625
20170827034138,30-Year Fixed-Rate Jumbo,0.03875
20170827034138,15-Year Fixed-Rate Jumbo,0.03625
20170827034138,7/1 ARM Jumbo,0.0325
20170827034138,10/1 ARM Jumbo,0.035
20170903043006,30-Year Fixed Rate,0.03875
20170903043006,30-Year Fixed-Rate FHA,0.04625
20170903043006,30-Year Fixed-Rate VA,0.0375
20170903043006,15-Year Fixed Rate,0.0325
20170903043006,7/1 ARM,0.03625
20170903043006,5/1 ARM,0.035
20170903043006,30-Year Fixed-Rate Jumbo,0.03875
20170903043006,15-Year Fixed-Rate Jumbo,0.0375
20170903043006,7/1 ARM Jumbo,0.0325
20170903043006,10/1 ARM Jumbo,0.03625
20170903043006,30-Year Fixed Rate,0.03875
20170903043006,30-Year Fixed-Rate FHA,0.04625
20170903043006,30-Year Fixed-Rate VA,0.0375
20170903043006,15-Year Fixed Rate,0.0325
20170903043006,7/1 ARM,0.03625
20170903043006,5/1 ARM,0.035
20170903043006,30-Year Fixed-Rate Jumbo,0.03875
20170903043006,15-Year Fixed-Rate Jumbo,0.0375
20170903043006,7/1 ARM Jumbo,0.0325
20170903043006,10/1 ARM Jumbo,0.03625
20170910045715,30-Year Fixed Rate,0.03875
20170910045715,30-Year Fixed-Rate FHA,0.04625
20170910045715,30-Year Fixed-Rate VA,0.0375
20170910045715,15-Year Fixed Rate,0.0325
20170910045715,7/1 ARM,0.03625
20170910045715,5/1 ARM,0.035
20170910045715,30-Year Fixed-Rate Jumbo,0.03875
20170910045715,15-Year Fixed-Rate Jumbo,0.03625
20170910045715,7/1 ARM Jumbo,0.0325
20170910045715,10/1 ARM Jumbo,0.035
20170910045715,30-Year Fixed Rate,0.03875
20170910045715,30-Year Fixed-Rate FHA,0.04625
20170910045715,30-Year Fixed-Rate VA,0.0375
20170910045715,15-Year Fixed Rate,0.0325
20170910045715,7/1 ARM,0.03625
20170910045715,5/1 ARM,0.035
20170910045715,30-Year Fixed-Rate Jumbo,0.03875
20170910045715,15-Year Fixed-Rate Jumbo,0.03625
20170910045715,7/1 ARM Jumbo,0.0325
20170910045715,10/1 ARM Jumbo,0.035
20170917050750,30-Year Fixed Rate,0.03875
20170917050750,30-Year Fixed-Rate FHA,0.045
20170917050750,30-Year Fixed-Rate VA,0.0375
20170917050750,15-Year Fixed Rate,0.0325
20170917050750,7/1 ARM,0.0375
20170917050750,5/1 ARM,0.03625
20170917050750,30-Year Fixed-Rate Jumbo,0.04
20170917050750,15-Year Fixed-Rate Jumbo,0.0375
20170917050750,7/1 ARM Jumbo,0.03375
20170917050750,10/1 ARM Jumbo,0.03625
20170918072447,30-Year Fixed Rate,0.03875
20170918072447,30-Year Fixed-Rate FHA,0.045
20170918072447,30-Year Fixed-Rate VA,0.0375
20170918072447,15-Year Fixed Rate,0.0325
20170918072447,7/1 ARM,0.0375
20170918072447,5/1 ARM,0.03625
20170918072447,30-Year Fixed-Rate Jumbo,0.04
20170918072447,15-Year Fixed-Rate Jumbo,0.0375
20170918072447,7/1 ARM Jumbo,0.03375
20170918072447,10/1 ARM Jumbo,0.03625
20170927114934,30-Year Fixed Rate,0.03875
20170927114934,30-Year Fixed-Rate FHA,0.0475
20170927114934,30-Year Fixed-Rate VA,0.03875
20170927114934,15-Year Fixed Rate,0.03375
20170927114934,7/1 ARM,0.0375
20170927114934,5/1 ARM,0.03625
20170927114934,30-Year Fixed-Rate Jumbo,0.04
20170927114934,15-Year Fixed-Rate Jumbo,0.0375
20170927114934,7/1 ARM Jumbo,0.035
20170927114934,10/1 ARM Jumbo,0.03625
20170927175121,30-Year Fixed Rate,0.04
20170927175121,30-Year Fixed-Rate FHA,0.04625
20170927175121,30-Year Fixed-Rate VA,0.03875
20170927175121,15-Year Fixed Rate,0.03375
20170927175121,7/1 ARM,0.0375
20170927175121,5/1 ARM,0.0375
20170927175121,30-Year Fixed-Rate Jumbo,0.04125
20170927175121,15-Year Fixed-Rate Jumbo,0.03875
20170927175121,7/1 ARM Jumbo,0.035
20170927175121,10/1 ARM Jumbo,0.0375
20170927175136,30-Year Fixed Rate,0.04
20170927175136,30-Year Fixed-Rate FHA,0.04625
20170927175136,30-Year Fixed-Rate VA,0.03875
20170927175136,15-Year Fixed Rate,0.03375
20170927175136,7/1 ARM,0.0375
20170927175136,5/1 ARM,0.0375
20170927175136,30-Year Fixed-Rate Jumbo,0.04125
20170927175136,15-Year Fixed-Rate Jumbo,0.03875
20170927175136,7/1 ARM Jumbo,0.035
20170927175136,10/1 ARM Jumbo,0.0375
20170930115337,30-Year Fixed Rate,0.04
20170930115337,30-Year Fixed-Rate FHA,0.04625
20170930115337,30-Year Fixed-Rate VA,0.03875
20170930115337,15-Year Fixed Rate,0.03375
20170930115337,7/1 ARM,0.0375
20170930115337,5/1 ARM,0.0375
20170930115337,30-Year Fixed-Rate Jumbo,0.04125
20170930115337,15-Year Fixed-Rate Jumbo,0.03875
20170930115337,7/1 ARM Jumbo,0.035
20170930115337,10/1 ARM Jumbo,0.0375
20170930142524,30-Year Fixed Rate,0.04
20170930142524,30-Year Fixed-Rate FHA,0.04625
20170930142524,30-Year Fixed-Rate VA,0.03875
20170930142524,15-Year Fixed Rate,0.03375
20170930142524,7/1 ARM,0.0375
20170930142524,5/1 ARM,0.0375
20170930142524,30-Year Fixed-Rate Jumbo,0.04125
20170930142524,15-Year Fixed-Rate Jumbo,0.03875
20170930142524,7/1 ARM Jumbo,0.035
20170930142524,10/1 ARM Jumbo,0.0375
20170930142604,30-Year Fixed Rate,0.04
20170930142604,30-Year Fixed-Rate FHA,0.04625
20170930142604,30-Year Fixed-Rate VA,0.03875
20170930142604,15-Year Fixed Rate,0.03375
20170930142604,7/1 ARM,0.0375
20170930142604,5/1 ARM,0.0375
20170930142604,30-Year Fixed-Rate Jumbo,0.04125
20170930142604,15-Year Fixed-Rate Jumbo,0.03875
20170930142604,7/1 ARM Jumbo,0.035
20170930142604,10/1 ARM Jumbo,0.0375
20170930142714,30-Year Fixed Rate,0.04
20170930142714,30-Year Fixed-Rate FHA,0.04625
20170930142714,30-Year Fixed-Rate VA,0.03875
20170930142714,15-Year Fixed Rate,0.03375
20170930142714,7/1 ARM,0.0375
20170930142714,5/1 ARM,0.0375
20170930142714,30-Year Fixed-Rate Jumbo,0.04125
20170930142714,15-Year Fixed-Rate Jumbo,0.03875
20170930142714,7/1 ARM Jumbo,0.035
20170930142714,10/1 ARM Jumbo,0.0375
20170930195340,30-Year Fixed Rate,0.04
20170930195340,30-Year Fixed-Rate FHA,0.04625
20170930195340,30-Year Fixed-Rate VA,0.03875
20170930195340,15-Year Fixed Rate,0.03375
20170930195340,7/1 ARM,0.0375
20170930195340,5/1 ARM,0.0375
20170930195340,30-Year Fixed-Rate Jumbo,0.04125
20170930195340,15-Year Fixed-Rate Jumbo,0.03875
20170930195340,7/1 ARM Jumbo,0.035
20170930195340,10/1 ARM Jumbo,0.0375
20171003230814,30-Year Fixed Rate,0.04
20171003230814,30-Year Fixed-Rate FHA,0.04625
20171003230814,30-Year Fixed-Rate VA,0.03875
20171003230814,15-Year Fixed Rate,0.03375
20171003230814,7/1 ARM,0.0375
20171003230814,5/1 ARM,0.0375
20171003230814,30-Year Fixed-Rate Jumbo,0.04125
20171003230814,15-Year Fixed-Rate Jumbo,0.03875
20171003230814,7/1 ARM Jumbo,0.03625
20171003230814,10/1 ARM Jumbo,0.0375
20171009093437,30-Year Fixed Rate,0.04
20171009093437,30-Year Fixed-Rate FHA,0.04875
20171009093437,30-Year Fixed-Rate VA,0.03875
20171009093437,15-Year Fixed Rate,0.03375
20171009093437,7/1 ARM,0.03875
20171009093437,5/1 ARM,0.0375
20171009093437,30-Year Fixed-Rate Jumbo,0.04125
20171009093437,15-Year Fixed-Rate Jumbo,0.04
20171009093437,7/1 ARM Jumbo,0.03625
20171009093437,10/1 ARM Jumbo,0.03875
